14:19:23, 0 MiB, 0 %
14:19:53, 425 MiB, 0 %
14:20:23, 425 MiB, 0 %
14:20:53, 425 MiB, 0 %
14:21:23, 425 MiB, 0 %
14:21:53, 425 MiB, 0 %
14:22:23, 2467 MiB, 5 %
14:22:54, 2829 MiB, 27 %
14:23:24, 2829 MiB, 25 %
14:23:54, 2829 MiB, 35 %
14:24:24, 24349 MiB, 98 %
14:24:54, 34003 MiB, 62 %
14:25:24, 34003 MiB, 34 %
14:25:54, 34003 MiB, 98 %
14:26:24, 34003 MiB, 58 %
14:26:54, 34003 MiB, 76 %
14:27:24, 34003 MiB, 90 %
14:27:54, 34003 MiB, 48 %
14:28:24, 34003 MiB, 85 %
14:28:54, 34003 MiB, 94 %
14:29:24, 34003 MiB, 92 %
14:29:55, 34003 MiB, 56 %
14:30:25, 34003 MiB, 65 %
14:30:55, 34003 MiB, 67 %
14:31:25, 34003 MiB, 74 %
14:31:55, 34003 MiB, 29 %
14:32:25, 34003 MiB, 78 %
14:32:55, 34003 MiB, 57 %
14:33:25, 34003 MiB, 72 %
14:33:55, 34003 MiB, 98 %
14:34:25, 34003 MiB, 36 %
14:34:55, 34003 MiB, 96 %
14:35:25, 34003 MiB, 77 %
14:35:55, 34003 MiB, 64 %
14:36:25, 34003 MiB, 71 %
14:36:55, 34003 MiB, 93 %
14:37:26, 34003 MiB, 90 %
14:37:56, 34003 MiB, 80 %
14:38:26, 34003 MiB, 80 %
14:38:56, 34003 MiB, 86 %
14:39:26, 34003 MiB, 56 %
14:39:56, 34003 MiB, 38 %
14:40:26, 34003 MiB, 35 %
14:40:56, 34003 MiB, 35 %
14:41:26, 34003 MiB, 29 %
14:41:56, 34003 MiB, 43 %
14:42:26, 34003 MiB, 93 %
14:42:56, 34003 MiB, 89 %
14:43:26, 34003 MiB, 87 %
14:43:56, 34003 MiB, 82 %
14:44:26, 34003 MiB, 82 %
14:44:56, 34003 MiB, 79 %
14:45:27, 34003 MiB, 71 %
14:45:57, 34003 MiB, 76 %
14:46:27, 34003 MiB, 32 %
14:46:57, 34003 MiB, 99 %
14:47:27, 34003 MiB, 98 %
14:47:57, 34003 MiB, 34 %
14:48:27, 34003 MiB, 80 %
14:48:57, 34003 MiB, 96 %
14:49:27, 34003 MiB, 97 %
14:49:57, 34003 MiB, 81 %
14:50:27, 34003 MiB, 74 %
14:50:57, 34003 MiB, 64 %
14:51:27, 34003 MiB, 35 %
14:51:57, 34003 MiB, 98 %
14:52:27, 34003 MiB, 90 %
14:52:58, 34003 MiB, 98 %
14:53:28, 34003 MiB, 98 %
14:53:58, 34003 MiB, 34 %
14:54:28, 34003 MiB, 76 %
14:54:58, 34003 MiB, 78 %
14:55:28, 34003 MiB, 97 %
14:55:58, 34003 MiB, 99 %
14:56:28, 34003 MiB, 77 %
14:56:58, 34003 MiB, 76 %
14:57:28, 34003 MiB, 96 %
14:57:58, 34003 MiB, 34 %
14:58:28, 0 MiB, 0 %
14:58:58, 0 MiB, 0 %
14:59:28, 0 MiB, 0 %
14:59:58, 0 MiB, 0 %
15:00:28, 0 MiB, 0 %
15:00:58, 0 MiB, 0 %
15:01:29, 0 MiB, 0 %
