timestamp, index, memory.used [MiB], utilization.gpu [%], power.draw [W]
2026/09/29 22:43:53.903, 0, 0 MiB, 0 %, 33.19 W
2026/09/29 22:43:53.922, 1, 0 MiB, 0 %, 31.96 W
2026/09/29 22:43:55.937, 0, 3 MiB, 0 %, 33.22 W
2026/09/29 22:43:55.938, 1, 3 MiB, 0 %, 34.68 W
2026/09/29 22:43:57.938, 0, 1059 MiB, 3 %, 88.89 W
2026/09/29 22:43:57.938, 1, 1059 MiB, 0 %, 88.59 W
2026/09/29 22:43:59.938, 0, 4493 MiB, 0 %, 86.53 W
2026/09/29 22:43:59.938, 1, 4493 MiB, 0 %, 85.98 W
2026/09/29 22:44:01.938, 0, 4493 MiB, 0 %, 86.18 W
2026/09/29 22:44:01.939, 1, 4493 MiB, 0 %, 85.76 W
2026/09/29 22:44:03.939, 0, 4493 MiB, 0 %, 85.12 W
2026/09/29 22:44:03.939, 1, 4493 MiB, 93 %, 167.53 W
2026/09/29 22:44:05.939, 0, 4907 MiB, 25 %, 246.43 W
2026/09/29 22:44:05.939, 1, 4907 MiB, 28 %, 184.85 W
2026/09/29 22:44:07.939, 0, 4907 MiB, 28 %, 173.95 W
2026/09/29 22:44:07.940, 1, 53779 MiB, 78 %, 186.41 W
2026/09/29 22:44:09.940, 0, 53779 MiB, 0 %, 174.46 W
2026/09/29 22:44:09.940, 1, 53779 MiB, 99 %, 363.58 W
2026/09/29 22:44:11.940, 0, 53781 MiB, 100 %, 378.48 W
2026/09/29 22:44:11.940, 1, 65139 MiB, 100 %, 135.32 W
2026/09/29 22:44:13.940, 0, 65141 MiB, 0 %, 91.27 W
2026/09/29 22:44:13.941, 1, 65141 MiB, 0 %, 91.33 W
2026/09/29 22:44:15.941, 0, 65141 MiB, 0 %, 88.00 W
2026/09/29 22:44:15.941, 1, 65141 MiB, 0 %, 86.76 W
2026/09/29 22:44:17.941, 0, 65141 MiB, 96 %, 329.60 W
2026/09/29 22:44:17.941, 1, 65211 MiB, 100 %, 219.05 W
2026/09/29 22:44:19.941, 0, 65239 MiB, 53 %, 316.08 W
2026/09/29 22:44:19.942, 1, 65239 MiB, 59 %, 309.26 W
2026/09/29 22:44:21.942, 0, 65239 MiB, 96 %, 384.59 W
2026/09/29 22:44:21.942, 1, 65239 MiB, 96 %, 407.46 W
2026/09/29 22:44:23.942, 0, 65239 MiB, 19 %, 179.87 W
2026/09/29 22:44:23.947, 1, 65239 MiB, 28 %, 170.82 W
2026/09/29 22:44:25.948, 0, 65239 MiB, 14 %, 160.76 W
2026/09/29 22:44:25.948, 1, 65239 MiB, 14 %, 162.73 W
2026/09/29 22:44:27.949, 0, 65239 MiB, 97 %, 377.55 W
2026/09/29 22:44:27.949, 1, 65239 MiB, 98 %, 343.28 W
2026/09/29 22:44:29.949, 0, 65239 MiB, 93 %, 375.86 W
2026/09/29 22:44:29.950, 1, 65239 MiB, 95 %, 390.39 W
2026/09/29 22:44:31.950, 0, 65099 MiB, 0 %, 90.92 W
2026/09/29 22:44:31.955, 1, 65099 MiB, 0 %, 90.37 W
