rank	iter	steps_before	warmup	masked	passthrough	actor_only_grad_norm	actor_only_grad_max_abs	actor_only_none_grads	actor_only_param_rel_change	critic_only_grad_norm	critic_only_grad_max_abs	critic_only_none_grads	critic_only_param_rel_change	shared_grad_norm	shared_grad_max_abs	shared_none_grads	shared_param_rel_change
0	1	0	1	1	0	0	0	0	0.000e+00	0.3109	0.04089	0	0.000e+00	1.342	0.05847	0	0.000e+00
1	1	0	1	1	0	0	0	0	0.000e+00	0.3109	0.04089	0	0.000e+00	1.342	0.05847	0	0.000e+00
0	1	1	1	2	0	0	0	0	0.000e+00	0.3237	0.04175	0	0.000e+00	1.471	0.07166	0	0.000e+00
1	1	1	1	2	0	0	0	0	0.000e+00	0.3237	0.04175	0	0.000e+00	1.471	0.07166	0	0.000e+00
0	1	2	1	3	0	0	0	0	0.000e+00	0.3474	0.0553	0	8.573e-07	1.415	0.06671	0	1.352e-06
1	1	2	1	3	0	0	0	0	0.000e+00	0.3474	0.0553	0	8.573e-07	1.415	0.06671	0	1.352e-06
0	1	3	1	4	0	0	0	0	8.460e-08	0.3978	0.04663	0	2.222e-06	1.612	0.08569	0	3.594e-06
1	1	3	1	4	0	0	0	0	8.460e-08	0.3978	0.04663	0	2.222e-06	1.612	0.08569	0	3.594e-06
0	1	4	1	5	0	0	0	0	1.692e-07	0.3299	0.04944	0	4.217e-06	1.448	0.0675	0	6.904e-06
1	1	4	1	5	0	0	0	0	1.692e-07	0.3299	0.04944	0	4.217e-06	1.448	0.0675	0	6.904e-06
0	1	5	1	6	0	0	0	0	2.538e-07	0.2096	0.02881	0	6.874e-06	0.9894	0.03867	0	1.135e-05
1	1	5	1	6	0	0	0	0	2.538e-07	0.2096	0.02881	0	6.874e-06	0.9894	0.03867	0	1.135e-05
0	1	6	1	7	0	0	0	0	3.625e-07	0.2784	0.03894	0	1.033e-05	1.437	0.06372	0	1.700e-05
1	1	6	1	7	0	0	0	0	3.625e-07	0.2784	0.03894	0	1.033e-05	1.437	0.06372	0	1.700e-05
0	1	7	1	8	0	0	0	0	4.732e-07	0.2649	0.03418	0	1.436e-05	1.302	0.06421	0	2.364e-05
1	1	7	1	8	0	0	0	0	4.732e-07	0.2649	0.03418	0	1.436e-05	1.302	0.06421	0	2.364e-05
0	1	8	1	9	0	0	0	0	5.848e-07	0.2376	0.02881	0	1.909e-05	1.115	0.05652	0	3.149e-05
1	1	8	1	9	0	0	0	0	5.848e-07	0.2376	0.02881	0	1.909e-05	1.115	0.05652	0	3.149e-05
0	1	9	1	10	0	0	0	0	7.676e-07	0.2458	0.034	0	2.455e-05	1.295	0.04736	0	4.058e-05
1	1	9	1	10	0	0	0	0	7.676e-07	0.2458	0.034	0	2.455e-05	1.295	0.04736	0	4.058e-05
0	1	10	1	11	0	0	0	0	9.510e-07	0.3542	0.04932	0	3.065e-05	1.479	0.06873	0	5.067e-05
1	1	10	1	11	0	0	0	0	9.510e-07	0.3542	0.04932	0	3.065e-05	1.479	0.06873	0	5.067e-05
0	1	11	1	12	0	0	0	0	1.135e-06	0.257	0.03589	0	3.719e-05	1.185	0.0625	0	6.188e-05
1	1	11	1	12	0	0	0	0	1.135e-06	0.257	0.03589	0	3.719e-05	1.185	0.0625	0	6.188e-05
0	1	12	1	13	0	0	0	0	1.361e-06	0.3647	0.0498	0	4.436e-05	1.488	0.07471	0	7.409e-05
1	1	12	1	13	0	0	0	0	1.361e-06	0.3647	0.0498	0	4.436e-05	1.488	0.07471	0	7.409e-05
0	1	13	1	14	0	0	0	0	1.588e-06	0.2206	0.02606	0	5.214e-05	1.126	0.05066	0	8.748e-05
1	1	13	1	14	0	0	0	0	1.588e-06	0.2206	0.02606	0	5.214e-05	1.126	0.05066	0	8.748e-05
0	1	14	1	15	0	0	0	0	1.816e-06	0.243	0.03632	0	6.078e-05	1.171	0.05334	0	1.021e-04
1	1	14	1	15	0	0	0	0	1.816e-06	0.243	0.03632	0	6.078e-05	1.171	0.05334	0	1.021e-04
0	1	15	1	16	0	0	0	0	2.110e-06	0.2282	0.02649	0	6.988e-05	1.186	0.05615	0	1.175e-04
1	1	15	1	16	0	0	0	0	2.110e-06	0.2282	0.02649	0	6.988e-05	1.186	0.05615	0	1.175e-04
0	2	16	0	16	1	3.987	0.1184	0	2.404e-06	0.5403	0.0625	0	7.981e-05	16.08	0.5361	0	1.341e-04
1	2	16	0	16	1	3.987	0.1184	0	2.404e-06	0.5403	0.0625	0	7.981e-05	16.08	0.5361	0	1.341e-04
0	2	17	0	16	2	4.052	0.1055	0	1.164e-05	0.4033	0.04456	0	9.048e-05	11.95	0.5146	0	1.406e-04
1	2	17	0	16	2	4.052	0.1055	0	1.164e-05	0.4033	0.04456	0	9.048e-05	11.95	0.5146	0	1.406e-04
0	2	18	0	16	3	2.89	0.1308	0	1.948e-05	0.351	0.04639	0	1.016e-04	11.03	0.4082	0	1.476e-04
1	2	18	0	16	3	2.89	0.1308	0	1.948e-05	0.351	0.04639	0	1.016e-04	11.03	0.4082	0	1.476e-04
0	2	19	0	16	4	3.258	0.1538	0	2.779e-05	0.4474	0.05408	0	1.134e-04	14.54	0.7705	0	1.551e-04
1	2	19	0	16	4	3.258	0.1538	0	2.779e-05	0.4474	0.05408	0	1.134e-04	14.54	0.7705	0	1.551e-04
0	2	20	0	16	5	5.461	0.1301	0	3.767e-05	0.4929	0.07312	0	1.257e-04	18.42	0.6797	0	1.652e-04
1	2	20	0	16	5	5.461	0.1301	0	3.767e-05	0.4929	0.07312	0	1.257e-04	18.42	0.6797	0	1.652e-04
0	2	21	0	16	6	4.521	0.1201	0	4.913e-05	0.378	0.05307	0	1.390e-04	17.12	0.6783	0	1.778e-04
1	2	21	0	16	6	4.521	0.1201	0	4.913e-05	0.378	0.05307	0	1.390e-04	17.12	0.6783	0	1.778e-04
0	2	22	0	16	7	2.863	0.08911	0	6.107e-05	0.4298	0.04791	0	1.530e-04	9.998	0.4248	0	1.921e-04
1	2	22	0	16	7	2.863	0.08911	0	6.107e-05	0.4298	0.04791	0	1.530e-04	9.998	0.4248	0	1.921e-04
0	2	23	0	16	8	3.8	0.1498	0	7.191e-05	0.3828	0.04047	0	1.667e-04	11.08	0.4414	0	2.050e-04
1	2	23	0	16	8	3.8	0.1498	0	7.191e-05	0.3828	0.04047	0	1.667e-04	11.08	0.4414	0	2.050e-04
0	2	24	0	16	9	2.907	0.1792	0	8.332e-05	0.4025	0.07043	0	1.813e-04	11.66	0.5068	0	2.193e-04
1	2	24	0	16	9	2.907	0.1792	0	8.332e-05	0.4025	0.07043	0	1.813e-04	11.66	0.5068	0	2.193e-04
0	2	25	0	16	10	2.754	0.1611	0	9.532e-05	0.4068	0.05896	0	1.967e-04	12.06	0.6035	0	2.351e-04
1	2	25	0	16	10	2.754	0.1611	0	9.532e-05	0.4068	0.05896	0	1.967e-04	12.06	0.6035	0	2.351e-04
0	2	26	0	16	11	3.365	0.1005	0	1.085e-04	0.4095	0.05432	0	2.129e-04	12.67	0.4707	0	2.524e-04
1	2	26	0	16	11	3.365	0.1005	0	1.085e-04	0.4095	0.05432	0	2.129e-04	12.67	0.4707	0	2.524e-04
0	2	27	0	16	12	3.463	0.07837	0	1.222e-04	0.3532	0.0481	0	2.300e-04	15.78	0.6523	0	2.714e-04
1	2	27	0	16	12	3.463	0.07837	0	1.222e-04	0.3532	0.0481	0	2.300e-04	15.78	0.6523	0	2.714e-04
0	2	28	0	16	13	3.563	0.1201	0	1.375e-04	0.4012	0.04553	0	2.480e-04	13.74	0.5718	0	2.930e-04
1	2	28	0	16	13	3.563	0.1201	0	1.375e-04	0.4012	0.04553	0	2.480e-04	13.74	0.5718	0	2.930e-04
0	2	29	0	16	14	3.96	0.1074	0	1.531e-04	0.4679	0.05109	0	2.664e-04	16.47	1.018	0	3.151e-04
1	2	29	0	16	14	3.96	0.1074	0	1.531e-04	0.4679	0.05109	0	2.664e-04	16.47	1.018	0	3.151e-04
0	2	30	0	16	15	2.987	0.1501	0	1.696e-04	0.3895	0.04901	0	2.859e-04	13.64	0.5303	0	3.394e-04
1	2	30	0	16	15	2.987	0.1501	0	1.696e-04	0.3895	0.04901	0	2.859e-04	13.64	0.5303	0	3.394e-04
0	2	31	0	16	16	3.095	0.08191	0	1.863e-04	0.3814	0.06702	0	3.056e-04	12.31	0.6445	0	3.636e-04
1	2	31	0	16	16	3.095	0.08191	0	1.863e-04	0.3814	0.06702	0	3.056e-04	12.31	0.6445	0	3.636e-04
# hook {"kind": "diagnostic_hook", "rank": 1, "t": 1790711321.1808176, "hook": "critic_warmup", "diagnostic_only": true, "warmup_iterations": 1, "grad_audit": "all", "base_launcher": "/root/kg-v3/ops/rebuild-2026-09-29/pod-6000-2026-09-29/early-smoke/launch_kg_run_ppo.py", "masked_terms": ["policy_gradient(advantages=0)", "teacher_kl_coef=0", "ent_coef=0"]}
# hook {"kind": "diagnostic_hook", "rank": 0, "t": 1790711321.278165, "hook": "critic_warmup", "diagnostic_only": true, "warmup_iterations": 1, "grad_audit": "all", "base_launcher": "/root/kg-v3/ops/rebuild-2026-09-29/pod-6000-2026-09-29/early-smoke/launch_kg_run_ppo.py", "masked_terms": ["policy_gradient(advantages=0)", "teacher_kl_coef=0", "ent_coef=0"]}
# params per group {'shared': 5312256, 'critic_only': 66561, 'actor_only': 873406}
# iter 1 loss/policy_loss=0.0 loss/teacher_kl_loss=0.0 loss/entropy_loss=0.0 loss/value_loss=0.030983941629529 policy/entropy=4.37814998626709 policy/approx_kl=0.002172712702304125 teacher/kl=0.0021189383696764708 train/explained_variance=0.6179587841033936
# iter 2 loss/policy_loss=0.0020666385535150766 loss/teacher_kl_loss=4.779794835485518e-05 loss/entropy_loss=-4.2656542973418254e-06 loss/value_loss=0.019655458629131317 policy/entropy=4.26565408706665 policy/approx_kl=0.005073397420346737 teacher/kl=0.009559590369462967 train/explained_variance=0.7239811420440674
