iter	entropy	approx_kl	clipfrac	adv_std	expl_var	teacher_kl	unit_kind_kl	market_kind_kl	lr	kl_coef	opt_steps	nonfinite
1	4.327	0.001367	0.003723	0.2027	0.02971	0.001366	0.0006971	0.0002632	3.2e-06	0.1	16	0
2	4.165	0.00155	0.004456	0.2048	0.0206	0.001696	0.001069	0.000253	6.4e-06	0.1	32	0
3	4.726	0.001905	0.008789	0.1997	-0.03377	0.002539	0.001648	0.0004079	9.6e-06	0.1	48	0
4	5.587	0.00245	0.01495	0.1923	0.1659	0.004145	0.002597	0.0007066	1.28e-05	0.1	64	0
5	6.1	0.002579	0.01459	0.193	-0.01679	0.006345	0.003667	0.001239	1.6e-05	0.1	80	0
6	6.376	0.002802	0.01746	0.1861	0.05773	0.006808	0.004444	0.0009839	1.92e-05	0.1	96	0
7	6.838	0.003011	0.02017	0.1731	0.2855	0.009885	0.006742	0.00122	2.24e-05	0.1	112	0
8	7.428	0.003522	0.0278	0.1727	0.2435	0.01512	0.01059	0.001931	2.56e-05	0.1	128	0
9	7.681	0.004042	0.0361	0.1665	0.2089	0.02077	0.01538	0.002289	2.88e-05	0.1	144	0
10	8.016	0.004427	0.04251	0.1549	0.3837	0.02515	0.01705	0.003985	3.2e-05	0.1	160	0
11	8.102	0.004824	0.04929	0.1541	0.331	0.02527	0.01764	0.003905	3.52e-05	0.1	176	0
12	5.016	0.003909	0.03711	0.272	-0.07899	0.01836	0.01117	0.002877	3.84e-05	0.1	192	0
13	4.365	0.004354	0.04462	0.1732	0.1627	0.02459	0.01645	0.003841	4.16e-05	0.1	208	0
14	4.623	0.004265	0.04254	0.1636	0.09305	0.03858	0.02538	0.008008	4.48e-05	0.1	224	0
15	5.523	0.005432	0.05981	0.1613	0.1158	0.04507	0.0307	0.008464	4.8e-05	0.1	240	0
16	6.151	0.005533	0.06409	0.1433	0.2076	0.05232	0.03518	0.008001	5.12e-05	0.1	256	0
17	6.395	0.005985	0.07327	0.1358	0.2469	0.05988	0.04055	0.009419	5.44e-05	0.1	272	0
18	6.703	0.006629	0.0777	0.1275	0.2905	0.0555	0.04034	0.006277	5.76e-05	0.1	288	0
19	7.324	0.006832	0.08374	0.1193	0.4603	0.0655	0.04653	0.007903	6.08e-05	0.1	304	0
20	7.897	0.006979	0.08411	0.1185	0.4314	0.07774	0.05452	0.009182	6.4e-05	0.1	320	0
21	8.246	0.008243	0.106	0.1149	0.3912	0.08016	0.05824	0.006902	6.72e-05	0.1	336	0
22	7.676	0.007844	0.1009	0.1067	0.4832	0.08504	0.06489	0.005802	7.04e-05	0.1	352	0
23	5.479	0.005988	0.07196	0.2457	0.002309	0.07245	0.04854	0.006854	7.36e-05	0.1	368	0
24	4.359	0.007706	0.08929	0.1343	-0.09804	0.06615	0.04385	0.007875	7.68e-05	0.1	384	0
25	4.424	0.007215	0.08597	0.1149	0.128	0.08314	0.05501	0.01179	8e-05	0.1	400	0
26	4.957	0.008089	0.0994	0.1129	0.1382	0.08961	0.06208	0.01156	8.32e-05	0.1	416	0
27	6.007	0.008484	0.1089	0.1095	0.1997	0.1123	0.07792	0.01337	8.64e-05	0.1	432	0
28	6.236	0.01026	0.1341	0.09271	0.3729	0.1161	0.08316	0.013	8.96e-05	0.1	448	0
29	6.566	0.009245	0.1194	0.08951	0.3737	0.1292	0.08907	0.01578	9.28e-05	0.1	464	0
30	7.234	0.009968	0.1273	0.08707	0.4096	0.1437	0.1023	0.01359	9.6e-05	0.1	480	0
31	7.439	0.01156	0.1452	0.08309	0.5302	0.156	0.1115	0.01418	9.92e-05	0.1	496	0
32	8.023	0.01124	0.1493	0.08316	0.4579	0.1767	0.1262	0.01354	0.0001024	0.1	512	0
33	8.203	0.01188	0.1585	0.08221	0.4376	0.1915	0.1352	0.01115	0.0001056	0.1	528	0
34	5.965	0.01086	0.147	0.2311	0.01924	0.1589	0.1103	0.01216	0.0001088	0.1	544	0
35	4.212	0.008488	0.1129	0.108	-0.1029	0.1205	0.07728	0.01886	0.000112	0.1	560	0
36	4.349	0.008761	0.1146	0.09158	0.02309	0.1453	0.1052	0.01582	0.0001152	0.1	576	0
37	4.887	0.01104	0.1465	0.08312	0.2055	0.1573	0.1148	0.01719	0.0001184	0.1	592	0
38	5.749	0.01172	0.1529	0.08208	0.2493	0.1837	0.1249	0.02264	0.0001216	0.1	608	0
39	6.411	0.01185	0.1582	0.07864	0.2936	0.1872	0.1287	0.02001	0.0001248	0.1	624	0
40	6.51	0.0131	0.1723	0.06744	0.4831	0.1936	0.1368	0.01951	0.000128	0.1	640	0
41	6.995	0.0134	0.1729	0.06719	0.4908	0.2027	0.1472	0.01681	0.0001312	0.1	656	0
42	7.546	0.01427	0.1779	0.06653	0.4572	0.2178	0.1574	0.01756	0.0001344	0.1	672	0
43	7.657	0.01504	0.1963	0.06139	0.503	0.2231	0.1715	0.01472	0.0001376	0.1	688	0
44	7.787	0.01586	0.1989	0.06315	0.5015	0.237	0.1853	0.0162	0.0001408	0.1	704	0
45	6.916	0.01613	0.2023	0.2181	0.1262	0.2179	0.1728	0.01189	0.000144	0.1	720	0
46	4.149	0.01177	0.1497	0.08762	-0.07591	0.2117	0.123	0.03048	0.0001472	0.1	736	0
# games: game	iter	seat0_bank	seat1_bank	total_games_played
# 1	12	73184	73736	256.0
# 2	23	70793	73094	512.0
# 3	34	70481	71115	768.0
# 4	45	67282	66337	1024.0
