index, name, pci.bus_id, memory.total [MiB], memory.used [MiB], utilization.gpu [%], driver_version
0, NVIDIA H200, 00000000:19:00.0, 143771 MiB, 0 MiB, 0 %, 570.211.01
1, NVIDIA H200, 00000000:3B:00.0, 143771 MiB, 0 MiB, 0 %, 570.211.01
2, NVIDIA H200, 00000000:4C:00.0, 143771 MiB, 0 MiB, 0 %, 570.211.01
3, NVIDIA H200, 00000000:5D:00.0, 143771 MiB, 0 MiB, 0 %, 570.211.01
4, NVIDIA H200, 00000000:9B:00.0, 143771 MiB, 0 MiB, 0 %, 570.211.01
5, NVIDIA H200, 00000000:BB:00.0, 143771 MiB, 0 MiB, 0 %, 570.211.01
6, NVIDIA H200, 00000000:CB:00.0, 143771 MiB, 0 MiB, 0 %, 570.211.01
7, NVIDIA H200, 00000000:DB:00.0, 143771 MiB, 0 MiB, 0 %, 570.211.01
pid, process_name
