# theta0	rank	actor_only_params	actor_only_theta0_norm	critic_only_params	critic_only_theta0_norm	shared_params	shared_theta0_norm	critic_head_norm
# theta0	1	873406	88.4507	66561	22.6973	5312256	156.809	22.6495
# theta0	0	873406	88.4507	66561	22.6973	5312256	156.809	22.6495
trunk_audit	rank	iter	optimizer_steps	actor_only_rel_change	critic_only_rel_change	shared_rel_change
trunk_audit	1	12	192	6.2977e-03	1.0300e-02	9.5852e-03
trunk_audit	0	12	192	6.2977e-03	1.0300e-02	9.5852e-03
trunk_audit	1	23	368	1.7704e-02	3.3182e-02	2.6612e-02
trunk_audit	0	23	368	1.7704e-02	3.3182e-02	2.6612e-02
trunk_audit	1	34	544	3.3533e-02	6.0785e-02	5.4066e-02
trunk_audit	0	34	544	3.3533e-02	6.0785e-02	5.4066e-02
trunk_audit	0	46	736	4.7010e-02	8.2165e-02	8.5938e-02
trunk_audit	1	46	736	4.7010e-02	8.2165e-02	8.5938e-02
grad_audit	rank	iter	steps_before	actor_only_grad_norm	actor_only_grad_max_abs	actor_only_none_grads	actor_only_rel_change	critic_only_grad_norm	critic_only_grad_max_abs	critic_only_none_grads	critic_only_rel_change	shared_grad_norm	shared_grad_max_abs	shared_none_grads	shared_rel_change
grad_audit	1	1	0	3.943	0.1121	0	0.000e+00	0.3992	0.04553	0	0.000e+00	10.7	0.3779	0	0.000e+00
grad_audit	0	1	0	3.943	0.1121	0	0.000e+00	0.3992	0.04553	0	0.000e+00	10.7	0.3779	0	0.000e+00
grad_audit	1	2	16	2.625	0.1371	0	7.099e-05	0.3785	0.05139	0	8.451e-05	11.19	0.6592	0	1.179e-04
grad_audit	0	2	16	2.625	0.1371	0	7.099e-05	0.3785	0.05139	0	8.451e-05	11.19	0.6592	0	1.179e-04
grad_audit	0	3	32	3.074	0.131	0	2.894e-04	0.4094	0.05505	0	3.463e-04	14.85	0.5562	0	4.514e-04
grad_audit	1	3	32	3.074	0.131	0	2.894e-04	0.4094	0.05505	0	3.463e-04	14.85	0.5562	0	4.514e-04
grad_audit	1	4	48	3.641	0.2788	0	6.316e-04	0.3984	0.05896	0	7.682e-04	13.63	0.5166	0	9.604e-04
grad_audit	0	4	48	3.641	0.2788	0	6.316e-04	0.3984	0.05896	0	7.682e-04	13.63	0.5166	0	9.604e-04
grad_audit	0	5	64	3.605	0.1226	0	1.044e-03	0.3653	0.04395	0	1.345e-03	11.58	0.4236	0	1.573e-03
grad_audit	1	5	64	3.605	0.1226	0	1.044e-03	0.3653	0.04395	0	1.345e-03	11.58	0.4236	0	1.573e-03
grad_audit	0	6	80	3.545	0.1157	0	1.536e-03	0.4373	0.05005	0	2.067e-03	10.28	0.4697	0	2.314e-03
grad_audit	1	6	80	3.545	0.1157	0	1.536e-03	0.4373	0.05005	0	2.067e-03	10.28	0.4697	0	2.314e-03
grad_audit	1	7	96	3.478	0.1025	0	2.074e-03	0.4367	0.05945	0	2.850e-03	11.56	0.418	0	3.126e-03
grad_audit	0	7	96	3.478	0.1025	0	2.074e-03	0.4367	0.05945	0	2.850e-03	11.56	0.418	0	3.126e-03
grad_audit	0	8	112	4.327	0.1663	0	2.623e-03	0.437	0.06018	0	3.768e-03	12.26	0.4932	0	4.007e-03
grad_audit	1	8	112	4.327	0.1663	0	2.623e-03	0.437	0.06018	0	3.768e-03	12.26	0.4932	0	4.007e-03
grad_audit	0	9	128	4.409	0.1619	0	3.243e-03	0.5719	0.07153	0	4.871e-03	12.94	0.543	0	4.984e-03
grad_audit	1	9	128	4.409	0.1619	0	3.243e-03	0.5719	0.07153	0	4.871e-03	12.94	0.543	0	4.984e-03
grad_audit	1	10	144	4.563	0.2744	0	3.958e-03	0.5675	0.07751	0	6.140e-03	13.22	0.7588	0	6.076e-03
grad_audit	0	10	144	4.563	0.2744	0	3.958e-03	0.5675	0.07751	0	6.140e-03	13.22	0.7588	0	6.076e-03
grad_audit	0	11	160	4.478	0.2549	0	4.689e-03	0.4811	0.08655	0	7.587e-03	12.14	0.542	0	7.162e-03
grad_audit	1	11	160	4.478	0.2549	0	4.689e-03	0.4811	0.08655	0	7.587e-03	12.14	0.542	0	7.162e-03
grad_audit	1	12	176	3.446	0.1406	0	5.492e-03	0.4876	0.05988	0	9.109e-03	12.26	0.5115	0	8.336e-03
grad_audit	0	12	176	3.446	0.1406	0	5.492e-03	0.4876	0.05988	0	9.109e-03	12.26	0.5115	0	8.336e-03
grad_audit	0	13	192	2.85	0.1208	0	6.298e-03	0.3177	0.04272	0	1.030e-02	10.86	0.4707	0	9.585e-03
grad_audit	1	13	192	2.85	0.1208	0	6.298e-03	0.3177	0.04272	0	1.030e-02	10.86	0.4707	0	9.585e-03
grad_audit	1	14	208	2.454	0.1221	0	7.203e-03	0.4888	0.07985	0	1.173e-02	9.986	0.4155	0	1.097e-02
grad_audit	0	14	208	2.454	0.1221	0	7.203e-03	0.4888	0.07985	0	1.173e-02	9.986	0.4155	0	1.097e-02
grad_audit	0	15	224	4.552	0.1523	0	8.246e-03	0.3669	0.04492	0	1.349e-02	11.58	0.5771	0	1.243e-02
grad_audit	1	15	224	4.552	0.1523	0	8.246e-03	0.3669	0.04492	0	1.349e-02	11.58	0.5771	0	1.243e-02
grad_audit	1	16	240	2.995	0.1562	0	9.260e-03	0.4525	0.06348	0	1.535e-02	11.88	0.4238	0	1.381e-02
grad_audit	0	16	240	2.995	0.1562	0	9.260e-03	0.4525	0.06348	0	1.535e-02	11.88	0.4238	0	1.381e-02
grad_audit	0	17	256	4.459	0.2969	0	1.029e-02	0.4292	0.05164	0	1.738e-02	13.27	0.4922	0	1.525e-02
grad_audit	1	17	256	4.459	0.2969	0	1.029e-02	0.4292	0.05164	0	1.738e-02	13.27	0.4922	0	1.525e-02
grad_audit	0	18	272	2.74	0.151	0	1.130e-02	0.426	0.0542	0	1.957e-02	13.66	0.5981	0	1.667e-02
grad_audit	1	18	272	2.74	0.151	0	1.130e-02	0.426	0.0542	0	1.957e-02	13.66	0.5981	0	1.667e-02
grad_audit	0	19	288	3.439	0.1611	0	1.235e-02	0.4462	0.06372	0	2.181e-02	13.2	0.5298	0	1.818e-02
grad_audit	1	19	288	3.439	0.1611	0	1.235e-02	0.4462	0.06372	0	2.181e-02	13.2	0.5298	0	1.818e-02
grad_audit	0	20	304	4.422	0.1797	0	1.335e-02	0.4106	0.05762	0	2.427e-02	11.38	0.449	0	1.971e-02
grad_audit	1	20	304	4.422	0.1797	0	1.335e-02	0.4106	0.05762	0	2.427e-02	11.38	0.449	0	1.971e-02
grad_audit	0	21	320	3.384	0.3809	0	1.433e-02	0.5634	0.09424	0	2.678e-02	11.25	0.4521	0	2.127e-02
grad_audit	1	21	320	3.384	0.3809	0	1.433e-02	0.5634	0.09424	0	2.678e-02	11.25	0.4521	0	2.127e-02
grad_audit	1	22	336	2.592	0.1407	0	1.541e-02	0.3433	0.04817	0	2.928e-02	9.475	0.3691	0	2.296e-02
grad_audit	0	22	336	2.592	0.1407	0	1.541e-02	0.3433	0.04817	0	2.928e-02	9.475	0.3691	0	2.296e-02
grad_audit	1	23	352	2.143	0.09351	0	1.656e-02	0.3818	0.05762	0	3.166e-02	6.851	0.2417	0	2.472e-02
grad_audit	0	23	352	2.143	0.09351	0	1.656e-02	0.3818	0.05762	0	3.166e-02	6.851	0.2417	0	2.472e-02
grad_audit	1	24	368	2.864	0.1301	0	1.770e-02	0.3743	0.052	0	3.318e-02	10.02	0.3887	0	2.661e-02
grad_audit	0	24	368	2.864	0.1301	0	1.770e-02	0.3743	0.052	0	3.318e-02	10.02	0.3887	0	2.661e-02
grad_audit	0	25	384	2.462	0.1616	0	1.889e-02	0.4357	0.05603	0	3.523e-02	9.597	0.4736	0	2.855e-02
grad_audit	1	25	384	2.462	0.1616	0	1.889e-02	0.4357	0.05603	0	3.523e-02	9.597	0.4736	0	2.855e-02
grad_audit	0	26	400	3.108	0.1548	0	2.033e-02	0.3713	0.05322	0	3.773e-02	11.57	0.5098	0	3.055e-02
grad_audit	1	26	400	3.108	0.1548	0	2.033e-02	0.3713	0.05322	0	3.773e-02	11.57	0.5098	0	3.055e-02
grad_audit	1	27	416	3.28	0.1014	0	2.180e-02	0.308	0.04395	0	4.042e-02	12.07	0.5537	0	3.244e-02
grad_audit	0	27	416	3.28	0.1014	0	2.180e-02	0.308	0.04395	0	4.042e-02	12.07	0.5537	0	3.244e-02
grad_audit	1	28	432	3.109	0.1453	0	2.313e-02	0.338	0.04407	0	4.316e-02	9.864	0.4326	0	3.424e-02
grad_audit	0	28	432	3.109	0.1453	0	2.313e-02	0.338	0.04407	0	4.316e-02	9.864	0.4326	0	3.424e-02
grad_audit	0	29	448	3.272	0.1924	0	2.438e-02	0.299	0.05597	0	4.583e-02	7.712	0.3174	0	3.596e-02
grad_audit	1	29	448	3.272	0.1924	0	2.438e-02	0.299	0.05597	0	4.583e-02	7.712	0.3174	0	3.596e-02
grad_audit	0	30	464	2.138	0.1445	0	2.576e-02	0.2247	0.03543	0	4.851e-02	6.168	0.2417	0	3.806e-02
grad_audit	1	30	464	2.138	0.1445	0	2.576e-02	0.2247	0.03543	0	4.851e-02	6.168	0.2417	0	3.806e-02
grad_audit	0	31	480	1.874	0.1033	0	2.728e-02	0.1635	0.02188	0	5.120e-02	4.299	0.1534	0	4.059e-02
grad_audit	1	31	480	1.874	0.1033	0	2.728e-02	0.1635	0.02188	0	5.120e-02	4.299	0.1534	0	4.059e-02
grad_audit	0	32	496	1.77	0.08185	0	2.891e-02	0.1417	0.01703	0	5.413e-02	4.545	0.1465	0	4.353e-02
grad_audit	1	32	496	1.77	0.08185	0	2.891e-02	0.1417	0.01703	0	5.413e-02	4.545	0.1465	0	4.353e-02
grad_audit	0	33	512	1.491	0.08057	0	3.056e-02	0.1142	0.01938	0	5.700e-02	3.255	0.1287	0	4.689e-02
grad_audit	1	33	512	1.491	0.08057	0	3.056e-02	0.1142	0.01938	0	5.700e-02	3.255	0.1287	0	4.689e-02
grad_audit	1	34	528	1.733	0.08337	0	3.206e-02	0.1305	0.0216	0	5.957e-02	3.061	0.134	0	5.028e-02
grad_audit	0	34	528	1.733	0.08337	0	3.206e-02	0.1305	0.0216	0	5.957e-02	3.061	0.134	0	5.028e-02
grad_audit	1	35	544	1.354	0.08447	0	3.353e-02	0.1309	0.02304	0	6.078e-02	3.754	0.1667	0	5.407e-02
grad_audit	0	35	544	1.354	0.08447	0	3.353e-02	0.1309	0.02304	0	6.078e-02	3.754	0.1667	0	5.407e-02
grad_audit	0	36	560	1.409	0.1069	0	3.461e-02	0.1269	0.01593	0	6.229e-02	2.806	0.1276	0	5.663e-02
grad_audit	1	36	560	1.409	0.1069	0	3.461e-02	0.1269	0.01593	0	6.229e-02	2.806	0.1276	0	5.663e-02
grad_audit	1	37	576	0.8899	0.06854	0	3.569e-02	0.06066	0.01218	0	6.410e-02	2.105	0.0835	0	5.896e-02
grad_audit	0	37	576	0.8899	0.06854	0	3.569e-02	0.06066	0.01218	0	6.410e-02	2.105	0.0835	0	5.896e-02
grad_audit	0	38	592	1.559	0.09601	0	3.692e-02	0.08428	0.02045	0	6.611e-02	2.258	0.08203	0	6.144e-02
grad_audit	1	38	592	1.559	0.09601	0	3.692e-02	0.08428	0.02045	0	6.611e-02	2.258	0.08203	0	6.144e-02
grad_audit	1	39	608	0.823	0.06497	0	3.811e-02	0.06992	0.009308	0	6.823e-02	2.169	0.08389	0	6.398e-02
grad_audit	0	39	608	0.823	0.06497	0	3.811e-02	0.06992	0.009308	0	6.823e-02	2.169	0.08389	0	6.398e-02
grad_audit	1	40	624	1.178	0.09534	0	3.933e-02	0.07511	0.01236	0	7.051e-02	2.09	0.0896	0	6.655e-02
grad_audit	0	40	624	1.178	0.09534	0	3.933e-02	0.07511	0.01236	0	7.051e-02	2.09	0.0896	0	6.655e-02
grad_audit	0	41	640	1.377	0.08313	0	4.055e-02	0.06266	0.009384	0	7.277e-02	1.818	0.06116	0	6.918e-02
grad_audit	1	41	640	1.377	0.08313	0	4.055e-02	0.06266	0.009384	0	7.277e-02	1.818	0.06116	0	6.918e-02
grad_audit	0	42	656	1.144	0.06226	0	4.174e-02	0.03854	0.005356	0	7.480e-02	2.036	0.07593	0	7.170e-02
grad_audit	1	42	656	1.144	0.06226	0	4.174e-02	0.03854	0.005356	0	7.480e-02	2.036	0.07593	0	7.170e-02
grad_audit	0	43	672	1.148	0.1001	0	4.288e-02	0.05864	0.01041	0	7.670e-02	1.691	0.06665	0	7.434e-02
grad_audit	1	43	672	1.148	0.1001	0	4.288e-02	0.05864	0.01041	0	7.670e-02	1.691	0.06665	0	7.434e-02
grad_audit	0	44	688	0.6393	0.03912	0	4.402e-02	0.03808	0.007523	0	7.843e-02	1.144	0.05786	0	7.713e-02
grad_audit	1	44	688	0.6393	0.03912	0	4.402e-02	0.03808	0.007523	0	7.843e-02	1.144	0.05786	0	7.713e-02
grad_audit	0	45	704	0.7617	0.03703	0	4.518e-02	0.05907	0.008301	0	8.024e-02	1.298	0.06708	0	8.021e-02
grad_audit	1	45	704	0.7617	0.03703	0	4.518e-02	0.05907	0.008301	0	8.024e-02	1.298	0.06708	0	8.021e-02
grad_audit	0	46	720	1.422	0.1213	0	4.620e-02	0.04426	0.006004	0	8.106e-02	1.805	0.0603	0	8.335e-02
grad_audit	1	46	720	1.422	0.1213	0	4.620e-02	0.04426	0.006004	0	8.106e-02	1.805	0.0603	0	8.335e-02
# hook {"kind": "diagnostic_hook", "rank": 1, "t": 1790723829.8169482, "hook": "trunk_audit", "diagnostic_only": true, "telemetry_only": true, "trunk_audit_iterations": [12, 23, 34, 46], "grad_audit": "first", "base_launcher": "/root/kg-v3/ops/rebuild-2026-09-29/pod-6000-2026-09-29/early-smoke/launch_kg_run_ppo.py"}
# hook {"kind": "diagnostic_hook", "rank": 1, "t": 1790723829.8171115, "hook": "critic_stopgrad", "diagnostic_only": true, "telemetry_only": false, "changes_training": true, "critic_stopgrad": "on", "detach_point": "KaggricultureTransformer._winner_log_probabilities: critic_head(encoded.critic_value_hidden.detach())", "stopgrad_check_iterations": [1], "donated_buffer_disabled": false, "trunk_audit_hook": "/root/ablation/ablate-D-lr10-bccritic/trunk_audit_launcher.py", "base_launcher": "/root/kg-v3/ops/rebuild-2026-09-29/pod-6000-2026-09-29/early-smoke/launch_kg_run_ppo.py"}
# hook {"kind": "diagnostic_hook", "rank": 0, "t": 1790723829.8499978, "hook": "trunk_audit", "diagnostic_only": true, "telemetry_only": true, "trunk_audit_iterations": [12, 23, 34, 46], "grad_audit": "first", "base_launcher": "/root/kg-v3/ops/rebuild-2026-09-29/pod-6000-2026-09-29/early-smoke/launch_kg_run_ppo.py"}
# hook {"kind": "diagnostic_hook", "rank": 0, "t": 1790723829.8501596, "hook": "critic_stopgrad", "diagnostic_only": true, "telemetry_only": false, "changes_training": true, "critic_stopgrad": "on", "detach_point": "KaggricultureTransformer._winner_log_probabilities: critic_head(encoded.critic_value_hidden.detach())", "stopgrad_check_iterations": [1], "donated_buffer_disabled": false, "trunk_audit_hook": "/root/ablation/ablate-D-lr10-bccritic/trunk_audit_launcher.py", "base_launcher": "/root/kg-v3/ops/rebuild-2026-09-29/pod-6000-2026-09-29/early-smoke/launch_kg_run_ppo.py"}
