path	purpose
Cargo.toml	root engine-package release overflow policy.
cookbook/log.md	prepended adaptation entry.
cookbook/references/index.md	current concept retrieval description.
cookbook/references/native-game-semantics-use-v3-owned-buffers.md	existing concept revised with current inventory/evidence/limits.
docs/rl-api-specs.md	exact ABI/lifetimes/seeds/rewards/truncate and Task 1.5 handoff.
docs/rules-parity-coverage.md	actual native coverage and gaps.
ops/rebuild-2026-09-29/1.4/a-root-kernel.json	Exact command, exit, elapsed time and sampled RSS receipt for a-root-kernel
ops/rebuild-2026-09-29/1.4/a-root-kernel.log	Captured command output for a-root-kernel
ops/rebuild-2026-09-29/1.4/a-source-trim.json	Exact command, exit, elapsed time and sampled RSS receipt for a-source-trim
ops/rebuild-2026-09-29/1.4/a-source-trim.log	Captured command output for a-source-trim
ops/rebuild-2026-09-29/1.4/a-trim-tests.json	Exact command, exit, elapsed time and sampled RSS receipt for a-trim-tests
ops/rebuild-2026-09-29/1.4/a-trim-tests.log	Captured command output for a-trim-tests
ops/rebuild-2026-09-29/1.4/b-green.json	Exact command, exit, elapsed time and sampled RSS receipt for b-green
ops/rebuild-2026-09-29/1.4/b-green.log	Captured command output for b-green
ops/rebuild-2026-09-29/1.4/b-red-valid.json	Exact command, exit, elapsed time and sampled RSS receipt for b-red-valid
ops/rebuild-2026-09-29/1.4/b-red-valid.log	Captured command output for b-red-valid
ops/rebuild-2026-09-29/1.4/b-red.json	Exact command, exit, elapsed time and sampled RSS receipt for b-red
ops/rebuild-2026-09-29/1.4/b-red.log	Captured command output for b-red
ops/rebuild-2026-09-29/1.4/b-review-restored-green.json	Exact command, exit, elapsed time and sampled RSS receipt for b-review-restored-green
ops/rebuild-2026-09-29/1.4/b-review-restored-green.log	Captured command output for b-review-restored-green
ops/rebuild-2026-09-29/1.4/b-review-zero-reward-detected.json	Exact command, exit, elapsed time and sampled RSS receipt for b-review-zero-reward-detected
ops/rebuild-2026-09-29/1.4/b-review-zero-reward-detected.log	Captured command output for b-review-zero-reward-detected
ops/rebuild-2026-09-29/1.4/b-review-zero-reward-survived-valid.json	Exact command, exit, elapsed time and sampled RSS receipt for b-review-zero-reward-survived-valid
ops/rebuild-2026-09-29/1.4/b-review-zero-reward-survived-valid.log	Captured command output for b-review-zero-reward-survived-valid
ops/rebuild-2026-09-29/1.4/b-review-zero-reward-survived.json	Exact command, exit, elapsed time and sampled RSS receipt for b-review-zero-reward-survived
ops/rebuild-2026-09-29/1.4/b-review-zero-reward-survived.log	Captured command output for b-review-zero-reward-survived
ops/rebuild-2026-09-29/1.4/bounded.py	process-group watchdog and receipts; Linux path added for the pod but not runtime-qualified here.
ops/rebuild-2026-09-29/1.4/c-binding-green.json	Exact command, exit, elapsed time and sampled RSS receipt for c-binding-green
ops/rebuild-2026-09-29/1.4/c-binding-green.log	Captured command output for c-binding-green
ops/rebuild-2026-09-29/1.4/c-binding-red.json	Exact command, exit, elapsed time and sampled RSS receipt for c-binding-red
ops/rebuild-2026-09-29/1.4/c-binding-red.log	Captured command output for c-binding-red
ops/rebuild-2026-09-29/1.4/c-build.json	Exact command, exit, elapsed time and sampled RSS receipt for c-build
ops/rebuild-2026-09-29/1.4/c-build.log	Captured command output for c-build
ops/rebuild-2026-09-29/1.4/c-core-compile.json	Exact command, exit, elapsed time and sampled RSS receipt for c-core-compile
ops/rebuild-2026-09-29/1.4/c-core-compile.log	Captured command output for c-core-compile
ops/rebuild-2026-09-29/1.4/c-debug-build.json	Exact command, exit, elapsed time and sampled RSS receipt for c-debug-build
ops/rebuild-2026-09-29/1.4/c-debug-build.log	Captured command output for c-debug-build
ops/rebuild-2026-09-29/1.4/c-latch-green.json	Exact command, exit, elapsed time and sampled RSS receipt for c-latch-green
ops/rebuild-2026-09-29/1.4/c-latch-green.log	Captured command output for c-latch-green
ops/rebuild-2026-09-29/1.4/c-latch-red-valid.json	Exact command, exit, elapsed time and sampled RSS receipt for c-latch-red-valid
ops/rebuild-2026-09-29/1.4/c-latch-red-valid.log	Captured command output for c-latch-red-valid
ops/rebuild-2026-09-29/1.4/c-latch-red.json	Exact command, exit, elapsed time and sampled RSS receipt for c-latch-red
ops/rebuild-2026-09-29/1.4/c-latch-red.log	Captured command output for c-latch-red
ops/rebuild-2026-09-29/1.4/c-reward-mode-red.json	Exact command, exit, elapsed time and sampled RSS receipt for c-reward-mode-red
ops/rebuild-2026-09-29/1.4/c-reward-mode-red.log	Captured command output for c-reward-mode-red
ops/rebuild-2026-09-29/1.4/cast-audit.md	Source-bound kernel cast/saturation classification and admission rationale
ops/rebuild-2026-09-29/1.4/changed-files.tsv	Complete changed-path inventory with one purpose per file
ops/rebuild-2026-09-29/1.4/d-admission-green.json	Exact command, exit, elapsed time and sampled RSS receipt for d-admission-green
ops/rebuild-2026-09-29/1.4/d-admission-green.log	Captured command output for d-admission-green
ops/rebuild-2026-09-29/1.4/d-admission-red.json	Exact command, exit, elapsed time and sampled RSS receipt for d-admission-red
ops/rebuild-2026-09-29/1.4/d-admission-red.log	Captured command output for d-admission-red
ops/rebuild-2026-09-29/1.4/d-batch-red.json	Exact command, exit, elapsed time and sampled RSS receipt for d-batch-red
ops/rebuild-2026-09-29/1.4/d-batch-red.log	Captured command output for d-batch-red
ops/rebuild-2026-09-29/1.4/d-binding-build.json	Exact command, exit, elapsed time and sampled RSS receipt for d-binding-build
ops/rebuild-2026-09-29/1.4/d-binding-build.log	Captured command output for d-binding-build
ops/rebuild-2026-09-29/1.4/d-binding-green.json	Exact command, exit, elapsed time and sampled RSS receipt for d-binding-green
ops/rebuild-2026-09-29/1.4/d-binding-green.log	Captured command output for d-binding-green
ops/rebuild-2026-09-29/1.4/d-binding-red.json	Exact command, exit, elapsed time and sampled RSS receipt for d-binding-red
ops/rebuild-2026-09-29/1.4/d-binding-red.log	Captured command output for d-binding-red
ops/rebuild-2026-09-29/1.4/d-mutation-reset-live-seed.json	Exact command, exit, elapsed time and sampled RSS receipt for d-mutation-reset-live-seed
ops/rebuild-2026-09-29/1.4/d-mutation-reset-live-seed.log	Captured command output for d-mutation-reset-live-seed
ops/rebuild-2026-09-29/1.4/d-mutation-step-live-seed.json	Exact command, exit, elapsed time and sampled RSS receipt for d-mutation-step-live-seed
ops/rebuild-2026-09-29/1.4/d-mutation-step-live-seed.log	Captured command output for d-mutation-step-live-seed
ops/rebuild-2026-09-29/1.4/d-release-attempt.json	Exact command, exit, elapsed time and sampled RSS receipt for d-release-attempt
ops/rebuild-2026-09-29/1.4/d-release-attempt.log	Captured command output for d-release-attempt
ops/rebuild-2026-09-29/1.4/d-reset-green.json	Exact command, exit, elapsed time and sampled RSS receipt for d-reset-green
ops/rebuild-2026-09-29/1.4/d-reset-green.log	Captured command output for d-reset-green
ops/rebuild-2026-09-29/1.4/d-restored-green.json	Exact command, exit, elapsed time and sampled RSS receipt for d-restored-green
ops/rebuild-2026-09-29/1.4/d-restored-green.log	Captured command output for d-restored-green
ops/rebuild-2026-09-29/1.4/d-step-green-reset-red.json	Exact command, exit, elapsed time and sampled RSS receipt for d-step-green-reset-red
ops/rebuild-2026-09-29/1.4/d-step-green-reset-red.log	Captured command output for d-step-green-reset-red
ops/rebuild-2026-09-29/1.4/e-python-debug-build.json	Exact command, exit, elapsed time and sampled RSS receipt for e-python-debug-build
ops/rebuild-2026-09-29/1.4/e-python-debug-build.log	Captured command output for e-python-debug-build
ops/rebuild-2026-09-29/1.4/e-python-green.json	Exact command, exit, elapsed time and sampled RSS receipt for e-python-green
ops/rebuild-2026-09-29/1.4/e-python-green.log	Captured command output for e-python-green
ops/rebuild-2026-09-29/1.4/e-python-initial.json	Exact command, exit, elapsed time and sampled RSS receipt for e-python-initial
ops/rebuild-2026-09-29/1.4/e-python-initial.log	Captured command output for e-python-initial
ops/rebuild-2026-09-29/1.4/e-python-restored-green.json	Exact command, exit, elapsed time and sampled RSS receipt for e-python-restored-green
ops/rebuild-2026-09-29/1.4/e-python-restored-green.log	Captured command output for e-python-restored-green
ops/rebuild-2026-09-29/1.4/e-rust-initial-valid.json	Exact command, exit, elapsed time and sampled RSS receipt for e-rust-initial-valid
ops/rebuild-2026-09-29/1.4/e-rust-initial-valid.log	Captured command output for e-rust-initial-valid
ops/rebuild-2026-09-29/1.4/e-rust-initial.json	Exact command, exit, elapsed time and sampled RSS receipt for e-rust-initial
ops/rebuild-2026-09-29/1.4/e-rust-initial.log	Captured command output for e-rust-initial
ops/rebuild-2026-09-29/1.4/e-rust-restored-green.json	Exact command, exit, elapsed time and sampled RSS receipt for e-rust-restored-green
ops/rebuild-2026-09-29/1.4/e-rust-restored-green.log	Captured command output for e-rust-restored-green
ops/rebuild-2026-09-29/1.4/e-seed-mutation-custody.json	Byte-exact restoration custody for world2/world8 old-formula mutation
ops/rebuild-2026-09-29/1.4/e-seed-old-formula-red.json	Exact command, exit, elapsed time and sampled RSS receipt for e-seed-old-formula-red
ops/rebuild-2026-09-29/1.4/e-seed-old-formula-red.log	Captured command output for e-seed-old-formula-red
ops/rebuild-2026-09-29/1.4/e-selected-mutation.json	Exact command, exit, elapsed time and sampled RSS receipt for e-selected-mutation
ops/rebuild-2026-09-29/1.4/e-selected-mutation.log	Captured command output for e-selected-mutation
ops/rebuild-2026-09-29/1.4/f-combined-final-green.json	Exact command, exit, elapsed time and sampled RSS receipt for f-combined-final-green
ops/rebuild-2026-09-29/1.4/f-combined-final-green.log	Captured command output for f-combined-final-green
ops/rebuild-2026-09-29/1.4/f-combined-green.json	Exact command, exit, elapsed time and sampled RSS receipt for f-combined-green
ops/rebuild-2026-09-29/1.4/f-combined-green.log	Captured command output for f-combined-green
ops/rebuild-2026-09-29/1.4/f-combined-restored-green.json	Exact command, exit, elapsed time and sampled RSS receipt for f-combined-restored-green
ops/rebuild-2026-09-29/1.4/f-combined-restored-green.log	Captured command output for f-combined-restored-green
ops/rebuild-2026-09-29/1.4/f-debug-build.json	Exact command, exit, elapsed time and sampled RSS receipt for f-debug-build
ops/rebuild-2026-09-29/1.4/f-debug-build.log	Captured command output for f-debug-build
ops/rebuild-2026-09-29/1.4/f-missing-bindings-red.json	Exact command, exit, elapsed time and sampled RSS receipt for f-missing-bindings-red
ops/rebuild-2026-09-29/1.4/f-missing-bindings-red.log	Captured command output for f-missing-bindings-red
ops/rebuild-2026-09-29/1.4/f-python-format-final.json	Exact command, exit, elapsed time and sampled RSS receipt for f-python-format-final
ops/rebuild-2026-09-29/1.4/f-python-format-final.log	Captured command output for f-python-format-final
ops/rebuild-2026-09-29/1.4/f-python-format-final2.json	Exact command, exit, elapsed time and sampled RSS receipt for f-python-format-final2
ops/rebuild-2026-09-29/1.4/f-python-format-final2.log	Captured command output for f-python-format-final2
ops/rebuild-2026-09-29/1.4/f-python-format.json	Exact command, exit, elapsed time and sampled RSS receipt for f-python-format
ops/rebuild-2026-09-29/1.4/f-python-format.log	Captured command output for f-python-format
ops/rebuild-2026-09-29/1.4/f-python-green.json	Exact command, exit, elapsed time and sampled RSS receipt for f-python-green
ops/rebuild-2026-09-29/1.4/f-python-green.log	Captured command output for f-python-green
ops/rebuild-2026-09-29/1.4/f-python-lint-final.json	Exact command, exit, elapsed time and sampled RSS receipt for f-python-lint-final
ops/rebuild-2026-09-29/1.4/f-python-lint-final.log	Captured command output for f-python-lint-final
ops/rebuild-2026-09-29/1.4/f-python-lint-final2.json	Exact command, exit, elapsed time and sampled RSS receipt for f-python-lint-final2
ops/rebuild-2026-09-29/1.4/f-python-lint-final2.log	Captured command output for f-python-lint-final2
ops/rebuild-2026-09-29/1.4/f-python-lint.json	Exact command, exit, elapsed time and sampled RSS receipt for f-python-lint
ops/rebuild-2026-09-29/1.4/f-python-lint.log	Captured command output for f-python-lint
ops/rebuild-2026-09-29/1.4/f-root-clippy.json	Exact command, exit, elapsed time and sampled RSS receipt for f-root-clippy
ops/rebuild-2026-09-29/1.4/f-root-clippy.log	Captured command output for f-root-clippy
ops/rebuild-2026-09-29/1.4/final-checks.json	Collected actual final command receipts and test counts
ops/rebuild-2026-09-29/1.4/final-diff.json	Exact command, exit, elapsed time and sampled RSS receipt for final-diff
ops/rebuild-2026-09-29/1.4/final-diff.log	Captured command output for final-diff
ops/rebuild-2026-09-29/1.4/final-docs.json	Exact command, exit, elapsed time and sampled RSS receipt for final-docs
ops/rebuild-2026-09-29/1.4/final-docs.log	Captured command output for final-docs
ops/rebuild-2026-09-29/1.4/final-engine.json	Exact command, exit, elapsed time and sampled RSS receipt for final-engine
ops/rebuild-2026-09-29/1.4/final-engine.log	Captured command output for final-engine
ops/rebuild-2026-09-29/1.4/final-maturin.json	Exact command, exit, elapsed time and sampled RSS receipt for final-maturin
ops/rebuild-2026-09-29/1.4/final-maturin.log	Captured command output for final-maturin
ops/rebuild-2026-09-29/1.4/final-prepare-restored.json	Exact command, exit, elapsed time and sampled RSS receipt for final-prepare-restored
ops/rebuild-2026-09-29/1.4/final-prepare-restored.log	Captured command output for final-prepare-restored
ops/rebuild-2026-09-29/1.4/final-prepare.json	Exact command, exit, elapsed time and sampled RSS receipt for final-prepare
ops/rebuild-2026-09-29/1.4/final-prepare.log	Captured command output for final-prepare
ops/rebuild-2026-09-29/1.4/final-py-prepare.json	Exact command, exit, elapsed time and sampled RSS receipt for final-py-prepare
ops/rebuild-2026-09-29/1.4/final-py-prepare.log	Captured command output for final-py-prepare
ops/rebuild-2026-09-29/1.4/final-root.json	Exact command, exit, elapsed time and sampled RSS receipt for final-root
ops/rebuild-2026-09-29/1.4/final-root.log	Captured command output for final-root
ops/rebuild-2026-09-29/1.4/final-rs-prepare.json	Exact command, exit, elapsed time and sampled RSS receipt for final-rs-prepare
ops/rebuild-2026-09-29/1.4/final-rs-prepare.log	Captured command output for final-rs-prepare
ops/rebuild-2026-09-29/1.4/final-targeted-python.json	Exact command, exit, elapsed time and sampled RSS receipt for final-targeted-python
ops/rebuild-2026-09-29/1.4/final-targeted-python.log	Captured command output for final-targeted-python
ops/rebuild-2026-09-29/1.4/final-trim.json	Exact command, exit, elapsed time and sampled RSS receipt for final-trim
ops/rebuild-2026-09-29/1.4/final-trim.log	Captured command output for final-trim
ops/rebuild-2026-09-29/1.4/g-export-drift-confirm.json	Exact command, exit, elapsed time and sampled RSS receipt for g-export-drift-confirm
ops/rebuild-2026-09-29/1.4/g-export-drift-confirm.log	Captured command output for g-export-drift-confirm
ops/rebuild-2026-09-29/1.4/g-export-drift-green.json	Exact command, exit, elapsed time and sampled RSS receipt for g-export-drift-green
ops/rebuild-2026-09-29/1.4/g-export-drift-green.log	Captured command output for g-export-drift-green
ops/rebuild-2026-09-29/1.4/g-export-drift-red.json	Exact command, exit, elapsed time and sampled RSS receipt for g-export-drift-red
ops/rebuild-2026-09-29/1.4/g-export-drift-red.log	Captured command output for g-export-drift-red
ops/rebuild-2026-09-29/1.4/g-export-format.json	Exact command, exit, elapsed time and sampled RSS receipt for g-export-format
ops/rebuild-2026-09-29/1.4/g-export-format.log	Captured command output for g-export-format
ops/rebuild-2026-09-29/1.4/g-export-lint.json	Exact command, exit, elapsed time and sampled RSS receipt for g-export-lint
ops/rebuild-2026-09-29/1.4/g-export-lint.log	Captured command output for g-export-lint
ops/rebuild-2026-09-29/1.4/g-export-mypy.json	Exact command, exit, elapsed time and sampled RSS receipt for g-export-mypy
ops/rebuild-2026-09-29/1.4/g-export-mypy.log	Captured command output for g-export-mypy
ops/rebuild-2026-09-29/1.4/g-recorder-final-custody.json	Exact command, exit, elapsed time and sampled RSS receipt for g-recorder-final-custody
ops/rebuild-2026-09-29/1.4/g-recorder-final-custody.log	Captured command output for g-recorder-final-custody
ops/rebuild-2026-09-29/1.4/g-recorder-format-complete.json	Exact command, exit, elapsed time and sampled RSS receipt for g-recorder-format-complete
ops/rebuild-2026-09-29/1.4/g-recorder-format-complete.log	Captured command output for g-recorder-format-complete
ops/rebuild-2026-09-29/1.4/g-recorder-format-final.json	Exact command, exit, elapsed time and sampled RSS receipt for g-recorder-format-final
ops/rebuild-2026-09-29/1.4/g-recorder-format-final.log	Captured command output for g-recorder-format-final
ops/rebuild-2026-09-29/1.4/g-recorder-format.json	Exact command, exit, elapsed time and sampled RSS receipt for g-recorder-format
ops/rebuild-2026-09-29/1.4/g-recorder-format.log	Captured command output for g-recorder-format
ops/rebuild-2026-09-29/1.4/g-recorder-full-missing-fixture.json	Exact command, exit, elapsed time and sampled RSS receipt for g-recorder-full-missing-fixture
ops/rebuild-2026-09-29/1.4/g-recorder-full-missing-fixture.log	Captured command output for g-recorder-full-missing-fixture
ops/rebuild-2026-09-29/1.4/g-recorder-lint-complete.json	Exact command, exit, elapsed time and sampled RSS receipt for g-recorder-lint-complete
ops/rebuild-2026-09-29/1.4/g-recorder-lint-complete.log	Captured command output for g-recorder-lint-complete
ops/rebuild-2026-09-29/1.4/g-recorder-lint-final.json	Exact command, exit, elapsed time and sampled RSS receipt for g-recorder-lint-final
ops/rebuild-2026-09-29/1.4/g-recorder-lint-final.log	Captured command output for g-recorder-lint-final
ops/rebuild-2026-09-29/1.4/g-recorder-lint.json	Exact command, exit, elapsed time and sampled RSS receipt for g-recorder-lint
ops/rebuild-2026-09-29/1.4/g-recorder-lint.log	Captured command output for g-recorder-lint
ops/rebuild-2026-09-29/1.4/g-recorder-mypy-complete.json	Exact command, exit, elapsed time and sampled RSS receipt for g-recorder-mypy-complete
ops/rebuild-2026-09-29/1.4/g-recorder-mypy-complete.log	Captured command output for g-recorder-mypy-complete
ops/rebuild-2026-09-29/1.4/g-recorder-mypy.json	Exact command, exit, elapsed time and sampled RSS receipt for g-recorder-mypy
ops/rebuild-2026-09-29/1.4/g-recorder-mypy.log	Captured command output for g-recorder-mypy
ops/rebuild-2026-09-29/1.4/g-recorder-red.json	Exact command, exit, elapsed time and sampled RSS receipt for g-recorder-red
ops/rebuild-2026-09-29/1.4/g-recorder-red.log	Captured command output for g-recorder-red
ops/rebuild-2026-09-29/1.4/g-recorder-rustfmt.json	Exact command, exit, elapsed time and sampled RSS receipt for g-recorder-rustfmt
ops/rebuild-2026-09-29/1.4/g-recorder-rustfmt.log	Captured command output for g-recorder-rustfmt
ops/rebuild-2026-09-29/1.4/g-recorder-style.json	Exact command, exit, elapsed time and sampled RSS receipt for g-recorder-style
ops/rebuild-2026-09-29/1.4/g-recorder-style.log	Captured command output for g-recorder-style
ops/rebuild-2026-09-29/1.4/g-recorder-unit-first.json	Exact command, exit, elapsed time and sampled RSS receipt for g-recorder-unit-first
ops/rebuild-2026-09-29/1.4/g-recorder-unit-first.log	Captured command output for g-recorder-unit-first
ops/rebuild-2026-09-29/1.4/g-reference-recording.json	Exact command, exit, elapsed time and sampled RSS receipt for g-reference-recording
ops/rebuild-2026-09-29/1.4/g-reference-recording.log	Captured command output for g-reference-recording
ops/rebuild-2026-09-29/1.4/g-release-timing-attempt.json	Exact command, exit, elapsed time and sampled RSS receipt for g-release-timing-attempt
ops/rebuild-2026-09-29/1.4/g-release-timing-attempt.log	Captured command output for g-release-timing-attempt
ops/rebuild-2026-09-29/1.4/g-replay-recorder-red.json	Exact command, exit, elapsed time and sampled RSS receipt for g-replay-recorder-red
ops/rebuild-2026-09-29/1.4/g-replay-recorder-red.log	Captured command output for g-replay-recorder-red
ops/rebuild-2026-09-29/1.4/g-replay-style.json	Exact command, exit, elapsed time and sampled RSS receipt for g-replay-style
ops/rebuild-2026-09-29/1.4/g-replay-style.log	Captured command output for g-replay-style
ops/rebuild-2026-09-29/1.4/g-root-clippy.json	Exact command, exit, elapsed time and sampled RSS receipt for g-root-clippy
ops/rebuild-2026-09-29/1.4/g-root-clippy.log	Captured command output for g-root-clippy
ops/rebuild-2026-09-29/1.4/g-timing-fixtures.json	Exact command, exit, elapsed time and sampled RSS receipt for g-timing-fixtures
ops/rebuild-2026-09-29/1.4/g-timing-fixtures.log	Captured command output for g-timing-fixtures
ops/rebuild-2026-09-29/1.4/g-two-thread-pool.json	Exact command, exit, elapsed time and sampled RSS receipt for g-two-thread-pool
ops/rebuild-2026-09-29/1.4/g-two-thread-pool.log	Captured command output for g-two-thread-pool
ops/rebuild-2026-09-29/1.4/mutate_reference_done.py	pending full-reference native done-bit mutation/rebuild/restore harness.
ops/rebuild-2026-09-29/1.4/mutate_rollback.py	premature live seed-write controls with restoration.
ops/rebuild-2026-09-29/1.4/mutate_selected_rows.py	whole-batch truncate publication control with restoration.
ops/rebuild-2026-09-29/1.4/oracle-receipt.md	Planned recipe separated from actual recorder checks and budget outcome
ops/rebuild-2026-09-29/1.4/progress.md	Actual task-by-task red/green chronology, separate from expectations
ops/rebuild-2026-09-29/1.4/reference-attempt-source-custody.json	Producer hashes used by the sole failed reference attempt
ops/rebuild-2026-09-29/1.4/reference-pod-source-custody.json	Post-attempt producer hashes pending execution on pod
ops/rebuild-2026-09-29/1.4/reference-recording-attempt.json	Inner recorder supervisor time/RSS/exit result
ops/rebuild-2026-09-29/1.4/reference_recorder.rs	actual reference example added only to the temporary archive.
ops/rebuild-2026-09-29/1.4/results.md	Full seven-part handoff with actual checks, deviations and open items
ops/rebuild-2026-09-29/1.4/rollback-mutations.json	Byte-exact restoration custody for both premature-live-write mutations
ops/rebuild-2026-09-29/1.4/run-statement.md	Planned diagnostic questions and stopping conditions
ops/rebuild-2026-09-29/1.4/selected-mutation.json	Byte-exact restoration custody for selected-row publication mutation
ops/rebuild-2026-09-29/1.4/source-custody-final.json	Final cookbook/protected-source/producer/fixture custody checks
ops/rebuild-2026-09-29/1.4/timing.json	Release build stop and exact pending paired measurement commands
python/owl/rs.pyi	matching native signatures while retaining existing APIs.
scripts/kaggriculture_env_reference_policy.py	exact fixed observation-local policy recipe.
scripts/record_kaggriculture_env_reference.py	supervised actual TrainingBatch recording and deterministic source/fixture custody.
src/kaggriculture/admission.rs	two audit-driven executed-HIRE cast guards.
src/kaggriculture/bindings.rs	exact PyO3 ABI, fallible NumPy admission, GIL detachment and grammar bindings.
src/kaggriculture/env.rs	checked seed streams, staged lifecycle, owned pool, ordered errors, terminal records and selected-row publication.
src/kaggriculture/env_tests.rs	rewards, seeds, real-core rollback/retry, terminal/truncate and overflow regressions.
src/kaggriculture/lifecycle_timing_tests.rs	early/dense fixtures and ignored release phase measurements.
src/kaggriculture/mod.rs	class/four-function registration, retaining the header encoder.
src/kaggriculture/reward.rs	exact seven-field admission and reference reward rounding.
tests/kaggriculture/test_env_reference.py	strict full16 replay, first-divergence diagnostics and independent math oracle.
tests/kaggriculture/test_native_env.py	340 binding/lifecycle cases, world sizes 2/8 and one/two-thread equivalence.
tests/kaggriculture/test_native_grammar_bindings.py	43 codec/table cases using the existing frozen grammar corpus.
tests/tools/test_check_engine_trim.py	strengthens the existing grammar-retirement regression.
tests/tools/test_record_kaggriculture_env_reference.py	36 custody/coverage/size/publication tests, including the required full fixture.
